cmd,sent_at,status,notifications
0x00,2025-11-15T14:07:56.877572Z,OK,
0x01,2025-11-15T14:07:59.916284Z,OK,2025-11-15T14:07:59.975621Z 0101000000000000000000000000000000000000
0x02,2025-11-15T14:08:02.977347Z,OK,
0x03,2025-11-15T14:08:06.139517Z,OK,2025-11-15T14:08:06.287491Z 0301000000000000000000000000000000000000
0x04,,SKIPPED (safe blacklist),
0x05,,SKIPPED (safe blacklist),
0x07,2025-11-15T14:08:12.438777Z,OK,2025-11-15T14:08:12.587222Z 0701000000010000000000000000000000000000
0x1A,2025-11-15T14:09:12.286832Z,OK,2025-11-15T14:09:12.434612Z 1A01000100000000000000000000000000000000
0xF3,2025-11-15T14:20:35.841520Z,OK,2025-11-15T14:20:35.989851Z 7B010000000000000000BC030000000000000000
